ï..number,username,age,done,start,psu,survey
361,aabdouraman,20,8/10/2016 10:59,8/10/2016 10:36,1,1
842,aabdouraman,16,8/10/2016 11:32,8/10/2016 11:18,1,2
843,aabdouraman,18,8/10/2016 12:30,8/10/2016 12:12,1,3
890,aabdouraman,19,8/11/2016 8:19,8/11/2016 7:57,1,4
149,aabdouraman,27,8/11/2016 8:53,8/11/2016 8:31,1,5
805,aabdouraman,17,8/11/2016 9:09,8/11/2016 9:00,1,6
394,aabdouraman,35,8/11/2016 9:29,8/11/2016 9:23,1,7
63,aabdouraman,30,8/11/2016 10:06,8/11/2016 9:48,1,8
1218,aabdouraman,17,8/11/2016 10:43,8/11/2016 10:29,1,9
1116,aabdouraman,20,8/11/2016 11:28,8/11/2016 11:16,1,10
891,aabdouraman,39,8/11/2016 11:39,8/11/2016 11:28,1,11
806,aabdouraman,40,8/11/2016 15:40,8/11/2016 15:24,1,12
1185,aabdouraman,45,8/11/2016 15:58,8/11/2016 15:51,1,13
327,aabdouraman,27,8/12/2016 7:18,8/12/2016 7:08,1,14
515,aabdouraman,60,8/12/2016 7:43,8/12/2016 7:28,1,15
1046,aabdouraman,20,8/18/2016 10:06,8/18/2016 9:54,2,1
427,aabdouraman,26,8/18/2016 10:37,8/18/2016 10:21,2,2
428,aabdouraman,23,8/18/2016 11:01,8/18/2016 10:45,2,3
166,aabdouraman,21,8/18/2016 11:27,8/18/2016 11:06,2,4
78,aabdouraman,21,8/18/2016 11:47,8/18/2016 11:38,2,5
1193,aabdouraman,25,8/18/2016 12:25,8/18/2016 12:01,2,6
1047,aabdouraman,27,8/18/2016 12:50,8/18/2016 12:34,2,7
167,aabdouraman,18,8/18/2016 13:13,8/18/2016 12:56,2,8
79,aabdouraman,28,8/18/2016 15:02,8/18/2016 14:29,2,9
269,aabdouraman,19,8/18/2016 15:33,8/18/2016 15:23,2,10
344,aabdouraman,47,8/18/2016 16:16,8/18/2016 15:40,2,11
1048,aabdouraman,67,8/19/2016 6:02,8/19/2016 5:31,2,12
589,aabdouraman,30,8/19/2016 6:32,8/19/2016 6:22,2,13
345,aabdouraman,48,8/19/2016 6:53,8/19/2016 6:42,2,14
155,aabdouraman,17,8/19/2016 7:14,8/19/2016 7:11,2,15
1083,aabdouraman,29,8/30/2016 10:28,8/30/2016 9:32,3,1
1266,aabdouraman,32,8/30/2016 11:40,8/30/2016 10:49,3,2
572,aabdouraman,64,8/30/2016 13:17,8/30/2016 12:41,3,3
832,aabdouraman,25,8/30/2016 14:21,8/30/2016 13:23,3,4
338,aabdouraman,25,8/30/2016 14:57,8/30/2016 14:30,3,5
85,aabdouraman,19,8/30/2016 15:39,8/30/2016 15:02,3,6
943,aabdouraman,27,8/30/2016 16:15,8/30/2016 15:44,3,7
1084,aabdouraman,40,8/31/2016 8:31,8/31/2016 7:28,3,8
1246,aabdouraman,18,8/31/2016 9:23,8/31/2016 8:38,3,9
96,aabdouraman,32,8/31/2016 9:53,8/31/2016 9:32,3,10
1096,aabdouraman,48,8/31/2016 10:44,8/31/2016 10:05,3,11
833,aabdouraman,26,8/31/2016 11:20,8/31/2016 10:59,3,12
1267,aabdouraman,30,8/31/2016 12:04,8/31/2016 11:26,3,13
339,aabdouraman,68,8/31/2016 14:21,8/31/2016 13:25,3,14
944,aabdouraman,45,8/31/2016 15:14,8/31/2016 14:28,3,15
296,aabdouraman,57,9/1/2016 14:52,9/1/2016 14:10,4,1
119,aabdouraman,25,9/1/2016 15:57,9/1/2016 14:58,4,2
350,aabdouraman,56,9/2/2016 7:07,9/2/2016 6:31,4,3
351,aabdouraman,62,9/2/2016 7:50,9/2/2016 7:11,4,4
1050,aabdouraman,23,9/2/2016 8:28,9/2/2016 7:59,4,5
88,aabdouraman,20,9/2/2016 9:11,9/2/2016 8:36,4,6
175,aabdouraman,46,9/2/2016 10:31,9/2/2016 9:16,4,7
1269,aabdouraman,23,9/2/2016 11:28,9/2/2016 10:52,4,8
1090,aabdouraman,21,9/2/2016 11:50,9/2/2016 11:31,4,9
1091,aabdouraman,20,9/2/2016 12:10,9/2/2016 11:55,4,10
352,aabdouraman,41,9/2/2016 12:40,9/2/2016 12:17,4,11
1199,aabdouraman,54,9/2/2016 13:20,9/2/2016 12:46,4,12
945,aabdouraman,60,9/2/2016 13:47,9/2/2016 13:25,4,13
387,aabdouraman,18,9/2/2016 14:15,9/2/2016 13:56,4,14
1119,aabdouraman,35,9/2/2016 14:42,9/2/2016 14:20,4,15
561,aabdouraman,50,9/5/2016 12:00,9/5/2016 11:08,5,1
1178,aabdouraman,25,9/5/2016 13:06,9/5/2016 12:29,5,2
117,aabdouraman,37,9/5/2016 13:45,9/5/2016 13:18,5,3
367,aabdouraman,40,9/5/2016 14:18,9/5/2016 13:55,5,4
1051,aabdouraman,40,9/5/2016 15:04,9/5/2016 14:27,5,5
368,aabdouraman,37,9/5/2016 16:25,9/5/2016 15:16,5,6
407,aabdouraman,21,9/6/2016 6:43,9/6/2016 6:14,5,7
411,aabdouraman,33,9/6/2016 7:19,9/6/2016 6:52,5,8
834,aabdouraman,30,9/6/2016 8:11,9/6/2016 7:42,5,9
835,aabdouraman,18,9/6/2016 8:35,9/6/2016 8:23,5,10
638,aabdouraman,27,9/6/2016 9:12,9/6/2016 8:47,5,11
967,aabdouraman,34,9/6/2016 9:57,9/6/2016 9:28,5,12
301,aabdouraman,31,9/6/2016 10:33,9/6/2016 10:04,5,13
562,aabdouraman,19,9/6/2016 11:07,9/6/2016 10:47,5,14
683,aabdouraman,23,9/6/2016 11:33,9/6/2016 11:11,5,15
700,aabdouraman,41,9/28/2016 9:36,9/28/2016 9:14,6,1
211,aabdouraman,35,9/28/2016 10:03,9/28/2016 9:49,6,2
451,aabdouraman,55,9/28/2016 10:23,9/28/2016 10:09,6,3
703,aabdouraman,20,9/28/2016 10:50,9/28/2016 10:28,6,4
977,aabdouraman,22,9/28/2016 14:47,9/28/2016 14:18,6,5
213,aabdouraman,33,9/28/2016 15:22,9/28/2016 14:53,6,6
450,aabdouraman,38,9/28/2016 15:47,9/28/2016 15:28,6,7
699,aabdouraman,41,9/29/2016 7:19,9/29/2016 6:55,6,8
701,aabdouraman,28,9/29/2016 8:06,9/29/2016 7:24,6,9
702,aabdouraman,45,9/29/2016 8:35,9/29/2016 8:13,6,10
1270,aabdouraman,57,9/29/2016 9:00,9/29/2016 8:44,6,11
214,aabdouraman,23,9/29/2016 9:25,9/29/2016 9:04,6,12
1271,aabdouraman,18,9/29/2016 9:45,9/29/2016 9:31,6,13
212,aabdouraman,18,9/29/2016 10:11,9/29/2016 9:49,6,14
976,aabdouraman,26,9/29/2016 10:40,9/29/2016 10:17,6,15
713,aabdouraman,60,10/3/2016 9:05,10/3/2016 8:39,7,1
1274,aabdouraman,19,10/3/2016 9:31,10/3/2016 9:10,7,2
215,aabdouraman,90,10/3/2016 9:56,10/3/2016 9:36,7,3
707,aabdouraman,50,10/3/2016 10:20,10/3/2016 10:00,7,4
708,aabdouraman,35,10/3/2016 10:45,10/3/2016 10:27,7,5
709,aabdouraman,41,10/4/2016 7:05,10/4/2016 6:40,7,6
978,aabdouraman,40,10/4/2016 7:26,10/4/2016 7:11,7,7
710,aabdouraman,44,10/4/2016 7:53,10/4/2016 7:30,7,8
979,aabdouraman,35,10/4/2016 8:20,10/4/2016 8:06,7,9
216,aabdouraman,48,10/4/2016 8:50,10/4/2016 8:27,7,10
711,aabdouraman,42,10/4/2016 9:20,10/4/2016 9:01,7,11
712,aabdouraman,27,10/4/2016 9:46,10/4/2016 9:31,7,12
217,aabdouraman,40,10/4/2016 10:07,10/4/2016 9:50,7,13
714,aabdouraman,45,10/4/2016 10:29,10/4/2016 10:12,7,14
472,aabdouraman,25,10/4/2016 10:50,10/4/2016 10:36,7,15
1135,ahinsia,22,8/7/2016 13:06,8/7/2016 12:22,8,1
600,ahinsia,30,8/7/2016 13:31,8/7/2016 13:10,8,2
1136,ahinsia,44,8/7/2016 14:19,8/7/2016 13:39,8,3
112,ahinsia,28,8/7/2016 14:51,8/7/2016 14:28,8,4
671,ahinsia,34,8/7/2016 15:22,8/7/2016 15:01,8,5
418,ahinsia,21,8/7/2016 16:10,8/7/2016 15:31,8,6
547,ahinsia,17,8/8/2016 13:53,8/8/2016 13:32,8,7
771,ahinsia,35,8/8/2016 14:25,8/8/2016 14:00,8,8
672,ahinsia,56,8/8/2016 14:59,8/8/2016 14:32,8,9
548,ahinsia,19,8/8/2016 15:28,8/8/2016 15:13,8,10
282,ahinsia,35,8/8/2016 15:52,8/8/2016 15:35,8,11
10,ahinsia,43,8/8/2016 16:28,8/8/2016 16:17,8,12
1052,ahinsia,18,8/8/2016 16:52,8/8/2016 16:29,8,13
604,ahinsia,37,8/9/2016 6:47,8/9/2016 6:27,8,14
915,ahinsia,35,8/9/2016 7:10,8/9/2016 6:57,8,15
1061,ahinsia,18,8/12/2016 8:20,8/12/2016 8:00,9,1
579,ahinsia,29,8/12/2016 9:07,8/12/2016 8:33,9,2
191,ahinsia,17,8/12/2016 9:38,8/12/2016 9:13,9,3
876,ahinsia,16,8/12/2016 9:58,8/12/2016 9:45,9,4
840,ahinsia,56,8/12/2016 10:20,8/12/2016 10:06,9,5
30,ahinsia,30,8/12/2016 10:37,8/12/2016 10:22,9,6
61,ahinsia,16,8/12/2016 11:09,8/12/2016 10:45,9,7
580,ahinsia,17,8/12/2016 11:38,8/12/2016 11:18,9,8
1114,ahinsia,25,8/12/2016 12:06,8/12/2016 11:53,9,9
841,ahinsia,22,8/12/2016 12:24,8/12/2016 12:10,9,10
158,ahinsia,20,8/12/2016 12:49,8/12/2016 12:37,9,11
192,ahinsia,42,8/12/2016 13:19,8/12/2016 12:51,9,12
193,ahinsia,30,8/12/2016 13:38,8/12/2016 13:23,9,13
62,ahinsia,52,8/12/2016 14:21,8/12/2016 13:46,9,14
147,ahinsia,17,8/12/2016 14:42,8/12/2016 14:24,9,15
847,ahinsia,46,8/14/2016 9:08,8/14/2016 8:52,10,1
364,ahinsia,50,8/14/2016 9:40,8/14/2016 9:15,10,2
633,ahinsia,38,8/14/2016 10:05,8/14/2016 9:48,10,3
1219,ahinsia,28,8/14/2016 10:26,8/14/2016 10:13,10,4
160,ahinsia,22,8/14/2016 11:07,8/14/2016 11:00,10,5
1152,ahinsia,35,8/14/2016 11:30,8/14/2016 11:13,10,6
880,ahinsia,25,8/14/2016 11:52,8/14/2016 11:32,10,7
808,ahinsia,21,8/14/2016 12:09,8/14/2016 12:00,10,8
1186,ahinsia,21,8/14/2016 12:29,8/14/2016 12:14,10,9
521,ahinsia,23,8/14/2016 12:55,8/14/2016 12:39,10,10
809,ahinsia,25,8/14/2016 13:18,8/14/2016 13:04,10,11
634,ahinsia,31,8/14/2016 13:34,8/14/2016 13:21,10,12
294,ahinsia,20,8/14/2016 14:01,8/14/2016 13:48,10,13
1153,ahinsia,27,8/14/2016 14:24,8/14/2016 14:05,10,14
161,ahinsia,21,8/14/2016 14:40,8/14/2016 14:28,10,15
851,ahinsia,20,8/16/2016 13:32,8/16/2016 13:16,11,1
124,ahinsia,63,8/16/2016 14:16,8/16/2016 13:39,11,2
925,ahinsia,34,8/16/2016 14:50,8/16/2016 14:33,11,3
1172,ahinsia,29,8/16/2016 15:37,8/16/2016 15:03,11,4
52,ahinsia,34,8/16/2016 21:48,8/16/2016 21:39,11,5
44,ahinsia,29,8/17/2016 11:40,8/17/2016 11:16,11,6
535,ahinsia,40,8/17/2016 12:13,8/17/2016 11:47,11,7
309,ahinsia,42,8/17/2016 12:38,8/17/2016 12:19,11,8
271,ahinsia,35,8/17/2016 12:59,8/17/2016 12:46,11,9
1174,ahinsia,16,8/17/2016 13:15,8/17/2016 13:03,11,10
1235,ahinsia,28,8/18/2016 13:01,8/18/2016 12:41,11,11
1072,ahinsia,25,8/18/2016 13:30,8/18/2016 13:12,11,12
56,ahinsia,45,8/18/2016 13:54,8/18/2016 13:41,11,13
616,ahinsia,41,8/18/2016 14:09,8/18/2016 13:57,11,14
856,ahinsia,36,8/18/2016 14:25,8/18/2016 14:13,11,15
663,ahinsia,25,8/20/2016 8:32,8/20/2016 8:20,12,1
664,ahinsia,30,8/20/2016 8:52,8/20/2016 8:36,12,2
665,ahinsia,22,8/20/2016 9:15,8/20/2016 8:56,12,3
402,ahinsia,23,8/20/2016 9:33,8/20/2016 9:20,12,4
1085,ahinsia,37,8/20/2016 9:46,8/20/2016 9:36,12,5
90,ahinsia,22,8/20/2016 10:07,8/20/2016 9:52,12,6
1155,ahinsia,42,8/20/2016 10:28,8/20/2016 10:15,12,7
1125,ahinsia,24,8/20/2016 10:50,8/20/2016 10:38,12,8
1086,ahinsia,26,8/20/2016 11:21,8/20/2016 11:02,12,9
168,ahinsia,16,8/20/2016 11:47,8/20/2016 11:34,12,10
134,ahinsia,17,8/20/2016 11:59,8/20/2016 11:54,12,11
1156,ahinsia,23,8/20/2016 12:14,8/20/2016 12:00,12,12
347,ahinsia,18,8/20/2016 12:48,8/20/2016 12:30,12,13
1157,ahinsia,19,8/20/2016 12:59,8/20/2016 12:48,12,14
784,ahinsia,37,8/20/2016 13:09,8/20/2016 13:03,12,15
786,ahinsia,22,8/23/2016 13:40,8/23/2016 13:26,13,1
1203,ahinsia,18,8/23/2016 13:57,8/23/2016 13:44,13,2
183,ahinsia,22,8/23/2016 14:24,8/23/2016 14:05,13,3
904,ahinsia,28,8/23/2016 14:42,8/23/2016 14:32,13,4
905,ahinsia,16,8/23/2016 14:54,8/23/2016 14:45,13,5
1204,ahinsia,16,8/23/2016 15:09,8/23/2016 14:59,13,6
1237,ahinsia,25,8/25/2016 14:01,8/25/2016 13:25,13,7
617,ahinsia,19,8/25/2016 14:40,8/25/2016 14:25,13,8
931,ahinsia,53,8/25/2016 14:56,8/25/2016 14:51,13,9
1268,ahinsia,25,8/25/2016 15:13,8/25/2016 15:00,13,10
932,ahinsia,21,8/25/2016 15:40,8/25/2016 15:19,13,11
9,ahinsia,48,8/25/2016 16:09,8/25/2016 15:54,13,12
597,ahinsia,22,8/25/2016 16:25,8/25/2016 16:16,13,13
319,ahinsia,21,8/25/2016 16:38,8/25/2016 16:28,13,14
598,ahinsia,24,8/25/2016 17:05,8/25/2016 16:57,13,15
637,ahinsia,17,8/26/2016 13:50,8/26/2016 13:39,14,1
267,ahinsia,35,8/26/2016 14:10,8/26/2016 13:55,14,2
661,ahinsia,19,8/26/2016 14:34,8/26/2016 14:17,14,3
913,ahinsia,30,8/26/2016 14:59,8/26/2016 14:41,14,4
908,ahinsia,24,8/26/2016 15:18,8/26/2016 15:06,14,5
542,ahinsia,27,8/26/2016 15:46,8/26/2016 15:31,14,6
1142,ahinsia,32,8/27/2016 9:10,8/27/2016 8:50,14,7
1207,ahinsia,29,8/28/2016 12:41,8/28/2016 12:29,14,8
1168,ahinsia,21,8/28/2016 13:24,8/28/2016 12:59,14,9
822,ahinsia,46,8/28/2016 13:42,8/28/2016 13:38,14,10
302,ahinsia,41,8/28/2016 14:27,8/28/2016 13:50,14,11
1049,ahinsia,45,8/28/2016 14:45,8/28/2016 14:33,14,12
174,ahinsia,19,8/28/2016 15:24,8/28/2016 14:57,14,13
120,ahinsia,22,8/28/2016 16:04,8/28/2016 15:49,14,14
118,ahinsia,24,8/28/2016 16:23,8/28/2016 16:11,14,15
480,ahinsia,46,10/6/2016 8:21,10/6/2016 7:52,15,1
481,ahinsia,20,10/6/2016 8:44,10/6/2016 8:24,15,2
725,ahinsia,28,10/6/2016 9:02,10/6/2016 8:49,15,3
723,ahinsia,19,10/6/2016 9:25,10/6/2016 9:12,15,4
482,ahinsia,41,10/6/2016 9:46,10/6/2016 9:31,15,5
229,ahinsia,33,10/6/2016 10:30,10/6/2016 10:00,15,6
983,ahinsia,24,10/6/2016 10:52,10/6/2016 10:42,15,7
724,ahinsia,18,10/6/2016 11:08,10/6/2016 10:56,15,8
473,ahinsia,20,10/7/2016 7:29,10/7/2016 7:20,15,9
720,ahinsia,31,10/7/2016 7:52,10/7/2016 7:32,15,10
717,ahinsia,34,10/7/2016 8:20,10/7/2016 7:59,15,11
474,ahinsia,21,10/7/2016 8:32,10/7/2016 8:25,15,12
718,ahinsia,31,10/7/2016 8:59,10/7/2016 8:39,15,13
980,ahinsia,19,10/7/2016 9:21,10/7/2016 9:03,15,14
719,ahinsia,19,10/7/2016 9:35,10/7/2016 9:25,15,15
1138,amadi,36,8/6/2016 16:57,8/6/2016 16:38,16,1
1226,amadi,31,8/6/2016 17:36,8/6/2016 17:11,16,2
551,amadi,25,8/7/2016 5:57,8/7/2016 5:42,16,3
919,amadi,18,8/7/2016 7:22,8/7/2016 7:08,16,4
1056,amadi,46,8/7/2016 7:57,8/7/2016 7:48,16,5
528,amadi,37,8/7/2016 8:21,8/7/2016 8:08,16,6
1250,amadi,41,8/7/2016 8:49,8/7/2016 8:34,16,7
816,amadi,52,8/7/2016 9:31,8/7/2016 9:15,16,8
920,amadi,28,8/7/2016 13:43,8/7/2016 12:43,16,9
398,amadi,39,8/7/2016 15:08,8/7/2016 14:52,16,10
421,amadi,40,8/7/2016 16:10,8/7/2016 15:50,16,11
422,amadi,37,8/7/2016 17:04,8/7/2016 16:52,16,12
1139,amadi,23,8/8/2016 10:49,8/8/2016 10:30,17,1
1227,amadi,27,8/8/2016 12:39,8/8/2016 12:30,17,2
910,amadi,21,8/8/2016 13:10,8/8/2016 12:51,17,3
87,amadi,24,8/8/2016 13:44,8/8/2016 13:22,17,4
140,amadi,44,8/8/2016 15:01,8/8/2016 14:40,17,5
1140,amadi,29,8/8/2016 15:29,8/8/2016 15:08,17,6
1141,amadi,33,8/8/2016 16:01,8/8/2016 15:40,17,7
1251,amadi,38,8/8/2016 16:44,8/8/2016 16:24,17,8
399,amadi,41,8/9/2016 7:35,8/9/2016 7:06,17,9
141,amadi,40,8/9/2016 10:41,8/9/2016 10:12,17,10
773,amadi,30,8/9/2016 11:10,8/9/2016 10:47,17,11
1252,amadi,55,8/9/2016 11:41,8/9/2016 11:22,17,12
342,amadi,35,8/9/2016 12:53,8/9/2016 12:38,17,13
911,amadi,30,8/9/2016 13:22,8/9/2016 13:14,17,14
400,amadi,78,8/9/2016 13:56,8/9/2016 13:34,17,15
529,amadi,44,8/9/2016 14:40,8/9/2016 14:19,17,16
912,amadi,50,8/9/2016 15:07,8/9/2016 14:46,17,17
1228,amadi,25,8/10/2016 7:18,8/10/2016 7:08,18,1
143,amadi,36,8/10/2016 10:06,8/10/2016 9:56,18,2
1208,amadi,35,8/10/2016 10:36,8/10/2016 10:15,18,3
1058,amadi,32,8/10/2016 11:15,8/10/2016 10:44,18,4
1059,amadi,25,8/10/2016 11:46,8/10/2016 11:22,18,5
762,amadi,52,8/10/2016 12:17,8/10/2016 11:57,18,6
144,amadi,20,8/10/2016 12:46,8/10/2016 12:24,18,7
675,amadi,25,8/10/2016 13:10,8/10/2016 12:53,18,8
837,amadi,29,8/10/2016 13:36,8/10/2016 13:16,18,9
838,amadi,38,8/10/2016 15:11,8/10/2016 14:45,18,10
355,amadi,50,8/10/2016 16:05,8/10/2016 15:21,18,11
284,amadi,45,8/10/2016 16:25,8/10/2016 16:05,18,12
643,amadi,47,8/10/2016 16:55,8/10/2016 16:33,18,13
883,amadi,51,8/11/2016 9:22,8/11/2016 8:14,19,1
1180,amadi,46,8/11/2016 9:37,8/11/2016 9:22,19,2
58,amadi,40,8/11/2016 10:05,8/11/2016 9:46,19,3
27,amadi,19,8/11/2016 10:41,8/11/2016 10:15,19,4
145,amadi,25,8/11/2016 11:17,8/11/2016 10:53,19,5
1144,amadi,19,8/11/2016 11:31,8/11/2016 11:18,19,6
798,amadi,43,8/11/2016 11:52,8/11/2016 11:34,19,7
285,amadi,33,8/11/2016 14:14,8/11/2016 13:48,19,8
187,amadi,29,8/11/2016 15:41,8/11/2016 14:16,19,9
356,amadi,20,8/11/2016 16:07,8/11/2016 15:43,19,10
868,amadi,40,8/11/2016 16:49,8/11/2016 16:31,19,11
1181,amadi,30,8/11/2016 17:18,8/11/2016 16:59,19,12
763,amadi,30,8/11/2016 17:27,8/11/2016 17:18,19,13
156,amadi,28,8/12/2016 6:09,8/12/2016 5:55,20,1
1182,amadi,56,8/12/2016 6:33,8/12/2016 6:16,20,2
1209,amadi,52,8/12/2016 7:13,8/12/2016 6:49,20,3
1145,amadi,35,8/12/2016 8:01,8/12/2016 7:53,20,4
1110,amadi,47,8/12/2016 8:08,8/12/2016 8:01,20,5
70,amadi,39,8/12/2016 13:57,8/12/2016 11:49,20,6
1187,amadi,32,8/12/2016 14:18,8/12/2016 13:57,20,7
1063,amadi,28,8/12/2016 14:29,8/12/2016 14:19,20,8
680,amadi,40,8/12/2016 16:41,8/12/2016 15:50,20,9
881,amadi,37,8/12/2016 18:11,8/12/2016 17:59,20,10
681,amadi,19,8/13/2016 10:08,8/12/2016 18:44,20,11
1188,amadi,26,8/13/2016 10:38,8/13/2016 10:22,21,1
330,amadi,53,8/13/2016 11:02,8/13/2016 10:47,21,2
200,amadi,33,8/13/2016 11:29,8/13/2016 11:07,21,3
201,amadi,42,8/13/2016 11:56,8/13/2016 11:36,21,4
71,amadi,55,8/13/2016 12:25,8/13/2016 12:05,21,5
202,amadi,43,8/13/2016 12:59,8/13/2016 12:30,21,6
810,amadi,35,8/13/2016 13:51,8/13/2016 13:22,21,7
586,amadi,57,8/13/2016 14:23,8/13/2016 14:00,21,8
72,amadi,48,8/13/2016 14:52,8/13/2016 14:32,21,9
440,amadi,26,8/13/2016 15:28,8/13/2016 15:03,21,10
152,amadi,40,8/13/2016 15:55,8/13/2016 15:43,21,11
441,amadi,33,8/13/2016 16:12,8/13/2016 16:01,21,12
523,amadi,36,8/14/2016 9:10,8/14/2016 8:31,22,1
365,amadi,42,8/14/2016 9:26,8/14/2016 9:10,22,2
366,amadi,28,8/14/2016 9:38,8/14/2016 9:31,22,3
882,amadi,40,8/14/2016 10:00,8/14/2016 9:39,22,4
682,amadi,37,8/14/2016 10:44,8/14/2016 10:13,22,5
73,amadi,40,8/14/2016 11:27,8/14/2016 11:02,22,6
162,amadi,43,8/14/2016 12:04,8/14/2016 11:32,22,7
153,amadi,38,8/15/2016 10:03,8/15/2016 9:40,22,8
1220,amadi,19,8/15/2016 10:43,8/15/2016 10:21,22,9
1064,amadi,70,8/15/2016 11:12,8/15/2016 10:50,22,10
848,amadi,42,8/15/2016 11:50,8/15/2016 11:12,22,11
636,amadi,45,8/15/2016 12:15,8/15/2016 11:59,22,12
779,amadi,36,8/15/2016 15:01,8/15/2016 14:43,22,13
927,amadi,84,8/15/2016 15:26,8/15/2016 15:09,22,14
937,amadi,21,8/15/2016 15:51,8/15/2016 15:33,22,15
855,amadi,51,8/16/2016 12:55,8/16/2016 12:28,23,1
207,amadi,45,8/16/2016 13:52,8/16/2016 13:05,23,2
928,amadi,75,8/16/2016 14:13,8/16/2016 14:03,23,3
127,amadi,38,8/16/2016 14:28,8/16/2016 14:17,23,4
273,amadi,30,8/16/2016 14:53,8/16/2016 14:40,23,5
48,amadi,42,8/16/2016 15:26,8/16/2016 15:02,23,6
314,amadi,36,8/17/2016 11:09,8/17/2016 11:03,23,7
1071,amadi,47,8/17/2016 12:24,8/17/2016 12:00,23,8
1233,amadi,20,8/17/2016 12:59,8/17/2016 12:40,23,9
1234,amadi,47,8/17/2016 13:28,8/17/2016 13:07,23,10
929,amadi,20,8/17/2016 14:01,8/17/2016 13:36,23,11
128,amadi,32,8/17/2016 16:35,8/17/2016 14:12,23,12
391,bdanzabe,19,8/11/2016 16:19,8/11/2016 15:54,24,1
324,bdanzabe,23,8/11/2016 16:41,8/11/2016 16:22,24,2
887,bdanzabe,20,8/12/2016 13:06,8/12/2016 12:44,24,3
392,bdanzabe,25,8/12/2016 13:28,8/12/2016 13:14,24,4
578,bdanzabe,42,8/12/2016 13:52,8/12/2016 13:36,24,5
393,bdanzabe,24,8/12/2016 14:06,8/12/2016 13:52,24,6
360,bdanzabe,18,8/12/2016 14:31,8/12/2016 14:16,24,7
436,bdanzabe,26,8/12/2016 14:47,8/12/2016 14:33,24,8
288,bdanzabe,27,8/12/2016 14:58,8/12/2016 14:50,24,9
1216,bdanzabe,21,8/12/2016 15:08,8/12/2016 14:58,24,10
437,bdanzabe,32,8/12/2016 15:18,8/12/2016 15:09,24,11
197,bdanzabe,21,8/13/2016 13:44,8/13/2016 13:09,25,1
582,bdanzabe,25,8/13/2016 14:18,8/13/2016 13:53,25,2
198,bdanzabe,26,8/13/2016 14:30,8/13/2016 14:24,25,3
846,bdanzabe,33,8/13/2016 14:43,8/13/2016 14:37,25,4
631,bdanzabe,19,8/13/2016 14:59,8/13/2016 14:44,25,5
645,bdanzabe,42,8/13/2016 15:13,8/13/2016 15:03,25,6
290,bdanzabe,21,8/13/2016 15:38,8/13/2016 15:28,25,7
583,bdanzabe,30,8/13/2016 15:49,8/13/2016 15:43,25,8
362,bdanzabe,26,8/13/2016 16:31,8/13/2016 16:20,25,9
65,bdanzabe,22,8/13/2016 16:43,8/13/2016 16:37,25,10
1229,bdanzabe,50,8/14/2016 16:29,8/14/2016 16:20,25,11
442,bdanzabe,35,8/14/2016 16:43,8/14/2016 16:31,25,12
565,bdanzabe,34,8/14/2016 17:07,8/14/2016 16:43,25,13
552,bdanzabe,29,8/14/2016 17:28,8/14/2016 17:13,25,14
1253,bdanzabe,60,8/15/2016 7:16,8/15/2016 7:11,25,15
935,bdanzabe,26,8/17/2016 11:44,8/17/2016 11:26,26,1
385,bdanzabe,33,8/17/2016 12:14,8/17/2016 11:50,26,2
374,bdanzabe,24,8/17/2016 13:11,8/17/2016 12:24,26,3
936,bdanzabe,21,8/17/2016 13:34,8/17/2016 13:12,26,4
47,bdanzabe,36,8/17/2016 13:41,8/17/2016 13:34,26,5
101,bdanzabe,42,8/17/2016 13:58,8/17/2016 13:42,26,6
558,bdanzabe,30,8/17/2016 14:05,8/17/2016 13:58,26,7
559,bdanzabe,23,8/17/2016 14:32,8/17/2016 14:17,26,8
615,bdanzabe,21,8/17/2016 14:48,8/17/2016 14:35,26,9
386,bdanzabe,20,8/17/2016 14:55,8/17/2016 14:49,26,10
981,bdanzabe,40,10/6/2016 10:48,10/6/2016 10:27,27,1
982,bdanzabe,26,10/6/2016 11:11,10/6/2016 10:52,27,2
1280,bdanzabe,18,10/6/2016 11:47,10/6/2016 11:19,27,3
1281,bdanzabe,26,10/6/2016 12:27,10/6/2016 11:55,27,4
224,bdanzabe,31,10/6/2016 13:18,10/6/2016 12:55,27,5
225,bdanzabe,30,10/6/2016 13:48,10/6/2016 13:18,27,6
1282,bdanzabe,26,10/6/2016 14:15,10/6/2016 13:55,27,7
226,bdanzabe,22,10/6/2016 14:50,10/6/2016 14:23,27,8
227,bdanzabe,22,10/6/2016 15:19,10/6/2016 14:58,27,9
228,bdanzabe,28,10/6/2016 16:49,10/6/2016 16:30,27,10
491,bdanzabe,34,10/7/2016 9:02,10/7/2016 8:25,28,1
219,bdanzabe,26,10/7/2016 9:19,10/7/2016 9:09,28,2
1296,bdanzabe,23,10/7/2016 10:02,10/7/2016 9:31,28,3
487,bdanzabe,22,10/7/2016 10:26,10/7/2016 10:07,28,4
220,bdanzabe,22,10/7/2016 11:09,10/7/2016 10:41,28,5
488,bdanzabe,21,10/7/2016 11:28,10/7/2016 11:19,28,6
489,bdanzabe,40,10/7/2016 11:46,10/7/2016 11:37,28,7
221,bdanzabe,35,10/7/2016 12:08,10/7/2016 11:51,28,8
1299,bdanzabe,16,10/7/2016 12:21,10/7/2016 12:12,28,9
490,bdanzabe,19,10/7/2016 12:47,10/7/2016 12:25,28,10
222,bdanzabe,25,10/7/2016 13:10,10/7/2016 12:49,28,11
1300,bdanzabe,24,10/7/2016 13:31,10/7/2016 13:22,28,12
1297,bdanzabe,21,10/7/2016 13:42,10/7/2016 13:31,28,13
1298,bdanzabe,26,10/7/2016 14:34,10/7/2016 13:57,28,14
218,bdanzabe,25,10/7/2016 15:12,10/7/2016 14:34,28,15
984,bdanzabe,22,10/7/2016 15:33,10/7/2016 15:23,28,16
492,bdanzabe,23,10/7/2016 15:46,10/7/2016 15:34,28,17
726,bdanzabe,21,10/7/2016 15:55,10/7/2016 15:47,28,18
727,bdanzabe,23,10/7/2016 16:07,10/7/2016 15:56,28,19
486,bdanzabe,24,10/7/2016 16:29,10/7/2016 16:11,28,20
478,bdanzabe,46,10/11/2016 10:05,10/11/2016 9:46,29,1
1275,bdanzabe,30,10/11/2016 10:48,10/11/2016 10:16,29,2
256,bdanzabe,25,10/11/2016 11:15,10/11/2016 10:54,29,3
715,bdanzabe,27,10/11/2016 11:49,10/11/2016 11:17,29,4
1276,bdanzabe,36,10/11/2016 12:31,10/11/2016 12:09,29,5
1277,bdanzabe,20,10/11/2016 12:59,10/11/2016 12:39,29,6
237,bdanzabe,43,10/11/2016 13:55,10/11/2016 13:30,29,7
716,bdanzabe,26,10/11/2016 15:52,10/11/2016 15:26,29,8
479,bdanzabe,21,10/11/2016 17:14,10/11/2016 16:39,29,9
1001,bdanzabe,50,10/11/2016 18:01,10/11/2016 17:26,29,10
728,bdanzabe,36,10/12/2016 10:01,10/12/2016 9:28,30,1
452,bdanzabe,55,10/12/2016 10:40,10/12/2016 10:18,30,2
1005,bdanzabe,47,10/12/2016 11:48,10/12/2016 11:23,30,3
729,bdanzabe,19,10/12/2016 12:45,10/12/2016 12:03,30,4
1006,bdanzabe,38,10/12/2016 13:06,10/12/2016 12:45,30,5
245,bdanzabe,21,10/12/2016 13:32,10/12/2016 13:07,30,6
246,bdanzabe,20,10/12/2016 14:13,10/12/2016 13:40,30,7
1007,bdanzabe,26,10/12/2016 14:27,10/12/2016 14:13,30,8
247,bdanzabe,23,10/12/2016 15:31,10/12/2016 14:27,30,9
1290,bdanzabe,36,10/12/2016 15:58,10/12/2016 15:39,30,10
1008,bdanzabe,28,10/12/2016 16:32,10/12/2016 16:20,30,11
453,bdanzabe,28,10/12/2016 17:00,10/12/2016 16:38,30,12
454,bdanzabe,28,10/12/2016 17:41,10/12/2016 17:17,30,13
730,bdanzabe,30,10/12/2016 18:22,10/12/2016 17:55,30,14
731,bdanzabe,41,10/12/2016 19:00,10/12/2016 18:27,30,15
732,bdanzabe,39,10/12/2016 19:42,10/12/2016 19:10,30,16
972,labba,31,8/8/2016 9:49,8/8/2016 9:29,31,1
341,labba,22,8/8/2016 10:14,8/8/2016 9:51,31,2
419,labba,30,8/8/2016 10:31,8/8/2016 10:18,31,3
1249,labba,22,8/8/2016 10:58,8/8/2016 10:35,31,4
914,labba,35,8/8/2016 11:29,8/8/2016 11:05,31,5
331,labba,21,8/8/2016 11:50,8/8/2016 11:33,31,6
332,labba,24,8/8/2016 12:02,8/8/2016 11:51,31,7
973,labba,30,8/8/2016 12:22,8/8/2016 12:06,31,8
138,labba,33,8/8/2016 12:41,8/8/2016 12:25,31,9
396,labba,20,8/8/2016 12:57,8/8/2016 12:47,31,10
113,labba,30,8/8/2016 13:18,8/8/2016 13:01,31,11
1224,labba,23,8/8/2016 13:35,8/8/2016 13:20,31,12
177,labba,30,8/8/2016 13:48,8/8/2016 13:37,31,13
281,labba,55,8/8/2016 14:05,8/8/2016 13:50,31,14
397,labba,21,8/8/2016 14:24,8/8/2016 14:08,31,15
57,labba,21,8/10/2016 9:26,8/10/2016 9:12,32,1
836,labba,30,8/10/2016 9:41,8/10/2016 9:31,32,2
1108,labba,23,8/10/2016 9:56,8/10/2016 9:47,32,3
511,labba,32,8/10/2016 10:11,8/10/2016 9:59,32,4
388,labba,26,8/10/2016 10:22,8/10/2016 10:11,32,5
573,labba,35,8/10/2016 10:38,8/10/2016 10:28,32,6
433,labba,43,8/10/2016 10:56,8/10/2016 10:46,32,7
320,labba,39,8/10/2016 11:11,8/10/2016 10:59,32,8
574,labba,24,8/10/2016 11:22,8/10/2016 11:12,32,9
1179,labba,32,8/10/2016 11:33,8/10/2016 11:26,32,10
203,labba,30,8/10/2016 11:46,8/10/2016 11:37,32,11
26,labba,36,8/10/2016 12:00,8/10/2016 11:51,32,12
1109,labba,26,8/10/2016 12:11,8/10/2016 12:05,32,13
867,labba,35,8/10/2016 12:29,8/10/2016 12:14,32,14
142,labba,27,8/10/2016 12:40,8/10/2016 12:31,32,15
456,labba,20,10/15/2016 11:40,10/15/2016 10:51,33,1
248,labba,36,10/15/2016 12:23,10/15/2016 11:46,33,2
249,labba,25,10/15/2016 13:09,10/15/2016 12:30,33,3
251,labba,23,10/15/2016 14:02,10/15/2016 13:16,33,4
1027,labba,25,10/15/2016 14:42,10/15/2016 14:11,33,5
252,labba,30,10/15/2016 15:51,10/15/2016 15:17,33,6
753,labba,27,10/15/2016 16:28,10/15/2016 15:56,33,7
457,labba,32,10/16/2016 7:32,10/16/2016 7:02,33,8
458,labba,23,10/16/2016 7:59,10/16/2016 7:33,33,9
254,labba,47,10/16/2016 8:44,10/16/2016 8:05,33,10
754,labba,19,10/16/2016 9:31,10/16/2016 8:50,33,11
755,labba,20,10/16/2016 10:18,10/16/2016 9:43,33,12
756,labba,31,10/16/2016 10:53,10/16/2016 10:24,33,13
459,labba,32,10/16/2016 11:45,10/16/2016 11:02,33,14
250,labba,52,10/16/2016 12:22,10/16/2016 11:54,33,15
1021,labba,25,10/18/2016 10:25,10/18/2016 10:04,34,1
1022,labba,34,10/18/2016 10:55,10/18/2016 10:34,34,2
1023,labba,24,10/18/2016 11:35,10/18/2016 11:09,34,3
1307,labba,35,10/18/2016 12:00,10/18/2016 11:44,34,4
1020,labba,31,10/18/2016 12:26,10/18/2016 12:08,34,5
752,labba,19,10/18/2016 12:59,10/18/2016 12:38,34,6
253,labba,19,10/18/2016 13:30,10/18/2016 13:09,34,7
737,labba,26,10/18/2016 14:03,10/18/2016 13:40,34,8
1024,labba,33,10/18/2016 14:40,10/18/2016 14:14,34,9
738,labba,20,10/18/2016 15:11,10/18/2016 14:49,34,10
751,labba,48,10/19/2016 7:20,10/19/2016 6:57,34,11
258,labba,59,10/19/2016 7:54,10/19/2016 7:30,34,12
1313,labba,38,10/19/2016 8:30,10/19/2016 8:03,34,13
1012,labba,33,10/19/2016 8:57,10/19/2016 8:40,34,14
259,labba,41,10/19/2016 9:23,10/19/2016 9:07,34,15
1013,labba,27,10/19/2016 10:47,10/19/2016 10:25,35,1
1014,labba,31,10/19/2016 11:20,10/19/2016 10:57,35,2
742,labba,58,10/19/2016 11:54,10/19/2016 11:29,35,3
1015,labba,36,10/19/2016 12:29,10/19/2016 12:07,35,4
743,labba,25,10/19/2016 13:00,10/19/2016 12:37,35,5
1309,labba,27,10/19/2016 13:31,10/19/2016 13:10,35,6
468,labba,37,10/19/2016 14:02,10/19/2016 13:40,35,7
469,labba,43,10/19/2016 14:40,10/19/2016 14:14,35,8
1310,labba,54,10/19/2016 15:21,10/19/2016 14:50,35,9
470,labba,26,10/19/2016 15:56,10/19/2016 15:30,35,10
1311,labba,57,10/20/2016 6:55,10/20/2016 6:32,35,11
471,labba,22,10/20/2016 7:30,10/20/2016 7:05,35,12
1016,labba,23,10/20/2016 8:07,10/20/2016 7:43,35,13
1312,labba,57,10/20/2016 8:29,10/20/2016 8:16,35,14
741,labba,23,10/20/2016 9:04,10/20/2016 8:41,35,15
358,mahmadou,26,8/11/2016 6:07,8/11/2016 5:35,36,1
59,mahmadou,32,8/11/2016 6:43,8/11/2016 6:13,36,2
1148,mahmadou,36,8/11/2016 7:29,8/11/2016 6:57,36,3
839,mahmadou,67,8/11/2016 9:20,8/11/2016 8:35,36,4
513,mahmadou,62,8/11/2016 12:01,8/11/2016 11:09,36,5
873,mahmadou,24,8/11/2016 14:16,8/11/2016 13:50,36,6
322,mahmadou,22,8/12/2016 5:50,8/12/2016 5:36,36,7
323,mahmadou,50,8/12/2016 10:24,8/12/2016 10:02,36,8
359,mahmadou,48,8/12/2016 10:53,8/12/2016 10:34,36,9
514,mahmadou,40,8/12/2016 11:25,8/12/2016 10:59,36,10
1183,mahmadou,44,8/12/2016 13:35,8/12/2016 13:13,36,11
874,mahmadou,65,8/12/2016 14:08,8/12/2016 13:46,36,12
886,mahmadou,31,8/12/2016 14:53,8/12/2016 14:23,36,13
1113,mahmadou,58,8/12/2016 15:15,8/12/2016 15:00,36,14
60,mahmadou,38,8/12/2016 15:31,8/12/2016 15:18,36,15
1118,mahmadou,20,8/13/2016 9:36,8/13/2016 9:22,37,1
67,mahmadou,27,8/13/2016 10:03,8/13/2016 9:42,37,2
647,mahmadou,18,8/13/2016 12:09,8/13/2016 11:45,37,3
1062,mahmadou,25,8/13/2016 12:37,8/13/2016 12:19,37,4
648,mahmadou,36,8/13/2016 13:12,8/13/2016 12:46,37,5
159,mahmadou,23,8/13/2016 13:33,8/13/2016 13:19,37,6
894,mahmadou,22,8/13/2016 14:02,8/13/2016 13:44,37,7
68,mahmadou,49,8/13/2016 14:40,8/13/2016 14:17,37,8
40,mahmadou,30,8/13/2016 14:54,8/13/2016 14:43,37,9
293,mahmadou,52,8/14/2016 12:09,8/14/2016 11:51,37,10
519,mahmadou,56,8/14/2016 12:56,8/14/2016 12:21,37,11
879,mahmadou,35,8/14/2016 13:39,8/14/2016 13:23,37,12
766,mahmadou,28,8/14/2016 14:01,8/14/2016 13:43,37,13
151,mahmadou,31,8/14/2016 14:27,8/14/2016 14:06,37,14
520,mahmadou,26,8/14/2016 15:07,8/14/2016 14:42,37,15
538,mahmadou,70,8/15/2016 9:10,8/15/2016 8:50,38,1
205,mahmadou,49,8/15/2016 9:59,8/15/2016 9:17,38,2
1231,mahmadou,52,8/15/2016 10:30,8/15/2016 10:07,38,3
792,mahmadou,61,8/15/2016 10:50,8/15/2016 10:37,38,4
99,mahmadou,50,8/15/2016 11:32,8/15/2016 11:00,38,5
539,mahmadou,20,8/15/2016 15:01,8/15/2016 14:44,38,6
540,mahmadou,25,8/15/2016 15:27,8/15/2016 15:11,38,7
1103,mahmadou,36,8/15/2016 16:09,8/15/2016 15:52,38,8
1104,mahmadou,42,8/17/2016 11:40,8/17/2016 11:26,38,9
614,mahmadou,48,8/17/2016 12:11,8/17/2016 11:48,38,10
100,mahmadou,53,8/17/2016 12:52,8/17/2016 12:20,38,11
125,mahmadou,24,8/17/2016 14:56,8/17/2016 14:38,38,12
311,mahmadou,20,8/17/2016 16:47,8/17/2016 16:27,38,13
312,mahmadou,27,8/17/2016 17:08,8/17/2016 16:49,38,14
206,mahmadou,63,8/17/2016 18:50,8/17/2016 18:45,38,15
337,mahmadou,40,8/26/2016 8:52,8/26/2016 8:43,39,1
83,mahmadou,21,8/27/2016 8:24,8/27/2016 8:09,39,2
966,mahmadou,35,8/28/2016 15:29,8/28/2016 15:12,39,3
1082,mahmadou,20,8/28/2016 16:01,8/28/2016 15:36,39,4
959,mahmadou,25,8/28/2016 16:21,8/28/2016 16:07,39,5
1133,mahmadou,40,8/28/2016 16:42,8/28/2016 16:28,39,6
831,mahmadou,27,8/28/2016 16:57,8/28/2016 16:44,39,7
1134,mahmadou,59,8/31/2016 10:40,8/31/2016 10:28,39,8
109,mahmadou,54,8/31/2016 12:24,8/31/2016 12:06,39,9
1245,mahmadou,52,8/31/2016 12:59,8/31/2016 12:42,39,10
413,mahmadou,35,8/31/2016 13:30,8/31/2016 13:14,39,11
414,mahmadou,50,8/31/2016 13:46,8/31/2016 13:35,39,12
8,mahmadou,42,8/31/2016 14:09,8/31/2016 13:53,39,13
698,mahmadou,20,8/31/2016 14:32,8/31/2016 14:13,39,14
84,mahmadou,37,8/31/2016 14:49,8/31/2016 14:35,39,15
1315,mahmadou,33,9/24/2016 7:34,9/24/2016 7:22,40,1
1019,mahmadou,41,9/25/2016 15:07,9/25/2016 14:31,40,2
749,mahmadou,53,9/28/2016 14:52,9/28/2016 14:43,40,3
464,mahmadou,25,9/30/2016 9:00,9/30/2016 8:51,40,4
750,mahmadou,20,10/19/2016 9:08,10/19/2016 9:01,40,5
255,mahmadou,58,10/19/2016 9:16,10/19/2016 9:10,40,6
745,mahmadou,47,10/19/2016 13:29,10/19/2016 13:21,40,7
1017,mahmadou,36,10/19/2016 14:29,10/19/2016 14:22,40,8
465,mahmadou,26,10/19/2016 14:36,10/19/2016 14:30,40,9
466,mahmadou,63,10/19/2016 14:48,10/19/2016 14:40,40,10
747,mahmadou,40,10/19/2016 14:58,10/19/2016 14:51,40,11
1018,mahmadou,78,10/19/2016 15:21,10/19/2016 15:02,40,12
748,mahmadou,25,10/19/2016 15:36,10/19/2016 15:22,40,13
467,mahmadou,45,10/19/2016 16:14,10/19/2016 16:09,40,14
497,mahmadou,60,10/21/2016 6:02,10/21/2016 5:51,40,15
498,mahmadou,27,10/22/2016 13:58,10/22/2016 13:52,41,1
1319,mahmadou,41,10/22/2016 14:04,10/22/2016 13:58,41,2
1034,mahmadou,55,10/22/2016 14:12,10/22/2016 14:05,41,3
264,mahmadou,35,10/22/2016 14:20,10/22/2016 14:14,41,4
1320,mahmadou,29,10/25/2016 7:11,10/25/2016 7:03,41,5
499,mahmadou,45,10/25/2016 7:17,10/25/2016 7:11,41,6
262,mahmadou,75,10/25/2016 7:26,10/25/2016 7:19,41,7
759,mahmadou,32,10/25/2016 7:38,10/25/2016 7:29,41,8
1035,mahmadou,25,10/25/2016 7:50,10/25/2016 7:39,41,9
263,mahmadou,50,11/2/2016 9:48,11/2/2016 9:42,41,10
500,mahmadou,47,11/2/2016 9:56,11/2/2016 9:48,41,11
758,mahmadou,29,11/2/2016 10:11,11/2/2016 10:02,41,12
1321,mahmadou,30,11/2/2016 10:22,11/2/2016 10:12,41,13
1036,mahmadou,56,11/2/2016 10:33,11/2/2016 10:23,41,14
706,mahmadou,40,11/3/2016 11:16,11/3/2016 11:05,42,1
1039,mahmadou,25,11/3/2016 11:26,11/3/2016 11:16,42,2
1040,mahmadou,56,11/3/2016 16:08,11/3/2016 16:01,42,3
705,mahmadou,30,11/3/2016 16:16,11/3/2016 16:09,42,4
1273,mahmadou,41,11/3/2016 16:25,11/3/2016 16:17,42,5
1272,mahmadou,20,11/4/2016 14:56,11/4/2016 14:51,42,6
508,mahmadou,32,11/5/2016 7:12,11/5/2016 7:05,42,7
509,mahmadou,45,11/5/2016 7:20,11/5/2016 7:12,42,8
704,mahmadou,22,11/5/2016 7:28,11/5/2016 7:20,42,9
510,mahmadou,50,11/5/2016 8:11,11/5/2016 7:28,42,10
1043,mahmadou,38,11/5/2016 9:15,11/5/2016 8:59,42,11
1044,mahmadou,70,11/5/2016 9:26,11/5/2016 9:19,42,12
233,mahmadou,25,11/5/2016 10:01,11/5/2016 9:26,42,13
1041,mahmadou,24,11/5/2016 10:32,11/5/2016 10:01,42,14
1042,mahmadou,30,11/5/2016 10:39,11/5/2016 10:33,42,15
607,mdjabou,26,8/10/2016 8:45,8/10/2016 7:49,43,1
1210,mdjabou,19,8/10/2016 10:05,8/10/2016 9:48,43,2
575,mdjabou,60,8/10/2016 10:30,8/10/2016 10:05,43,3
626,mdjabou,33,8/10/2016 11:23,8/10/2016 10:54,43,4
576,mdjabou,36,8/10/2016 11:57,8/10/2016 11:35,43,5
321,mdjabou,25,8/10/2016 18:41,8/10/2016 18:28,43,6
799,mdjabou,28,8/11/2016 11:24,8/11/2016 11:11,43,7
676,mdjabou,35,8/11/2016 11:36,8/11/2016 11:28,43,8
677,mdjabou,17,8/11/2016 12:20,8/11/2016 12:09,43,9
1146,mdjabou,38,8/11/2016 13:36,8/11/2016 13:21,43,10
157,mdjabou,42,8/11/2016 14:18,8/11/2016 13:59,43,11
1211,mdjabou,45,8/11/2016 15:13,8/11/2016 14:28,43,12
1212,mdjabou,59,8/11/2016 15:45,8/11/2016 15:37,43,13
1213,mdjabou,57,8/11/2016 16:46,8/11/2016 16:36,43,14
1111,mdjabou,43,8/11/2016 17:45,8/11/2016 17:31,43,15
869,mdjabou,33,8/12/2016 9:12,8/12/2016 8:59,44,1
28,mdjabou,21,8/12/2016 11:19,8/12/2016 11:12,44,2
286,mdjabou,39,8/12/2016 11:31,8/12/2016 11:21,44,3
531,mdjabou,61,8/12/2016 12:43,8/12/2016 12:21,44,4
369,mdjabou,41,8/12/2016 13:31,8/12/2016 13:15,44,5
1169,mdjabou,25,8/12/2016 13:51,8/12/2016 13:45,44,6
41,mdjabou,30,8/12/2016 14:16,8/12/2016 14:08,44,7
98,mdjabou,42,8/12/2016 15:09,8/12/2016 14:44,44,8
1098,mdjabou,25,8/12/2016 15:31,8/12/2016 15:25,44,9
657,mdjabou,32,8/12/2016 15:58,8/12/2016 15:50,44,10
774,mdjabou,42,8/12/2016 16:17,8/12/2016 15:59,44,11
532,mdjabou,37,8/12/2016 16:48,8/12/2016 16:31,44,12
658,mdjabou,33,8/12/2016 17:39,8/12/2016 17:23,44,13
849,mdjabou,28,8/13/2016 11:37,8/13/2016 11:29,45,1
381,mdjabou,56,8/13/2016 13:50,8/13/2016 13:41,45,2
1230,mdjabou,31,8/13/2016 15:34,8/13/2016 15:20,45,3
370,mdjabou,41,8/13/2016 16:03,8/13/2016 15:50,45,4
659,mdjabou,33,8/13/2016 16:18,8/13/2016 16:10,45,5
566,mdjabou,19,8/15/2016 10:06,8/15/2016 9:59,45,6
609,mdjabou,38,8/15/2016 10:47,8/15/2016 10:08,45,7
123,mdjabou,47,8/15/2016 11:01,8/15/2016 10:48,45,8
533,mdjabou,33,8/15/2016 12:31,8/15/2016 12:17,45,9
1170,mdjabou,51,8/15/2016 12:49,8/15/2016 12:37,45,10
42,mdjabou,28,8/15/2016 14:02,8/15/2016 13:54,45,11
1099,mdjabou,25,8/15/2016 14:59,8/15/2016 14:49,45,12
306,mdjabou,32,8/15/2016 15:23,8/15/2016 15:15,45,13
43,mdjabou,54,8/15/2016 15:44,8/15/2016 15:24,45,14
1100,mdjabou,31,8/15/2016 17:43,8/15/2016 17:37,45,15
1255,mdjabou,30,8/16/2016 7:03,8/16/2016 6:56,46,1
567,mdjabou,24,8/16/2016 7:17,8/16/2016 7:10,46,2
775,mdjabou,18,8/16/2016 7:28,8/16/2016 7:18,46,3
610,mdjabou,46,8/16/2016 8:37,8/16/2016 8:32,46,4
534,mdjabou,55,8/16/2016 11:17,8/16/2016 11:04,46,5
554,mdjabou,28,8/16/2016 11:58,8/16/2016 11:41,46,6
555,mdjabou,43,8/16/2016 12:40,8/16/2016 12:23,46,7
850,mdjabou,19,8/16/2016 12:55,8/16/2016 12:43,46,8
568,mdjabou,25,8/16/2016 13:03,8/16/2016 12:57,46,9
307,mdjabou,56,8/16/2016 13:23,8/16/2016 13:07,46,10
776,mdjabou,32,8/16/2016 13:51,8/16/2016 13:43,46,11
1068,mdjabou,28,8/16/2016 16:39,8/16/2016 16:33,46,12
1261,mdjabou,17,8/18/2016 7:57,8/18/2016 7:51,47,1
340,mdjabou,36,8/21/2016 9:22,8/21/2016 9:07,47,2
412,mdjabou,33,8/21/2016 10:04,8/21/2016 9:40,47,3
599,mdjabou,27,8/21/2016 10:34,8/21/2016 10:18,47,4
823,mdjabou,35,8/21/2016 11:59,8/21/2016 11:48,47,5
953,mdjabou,53,8/21/2016 13:46,8/21/2016 13:27,47,6
824,mdjabou,59,8/21/2016 15:06,8/21/2016 14:50,47,7
825,mdjabou,21,8/21/2016 16:12,8/21/2016 15:52,47,8
448,mdjabou,42,8/22/2016 12:04,8/22/2016 11:21,47,9
449,mdjabou,18,8/22/2016 12:25,8/22/2016 12:13,47,10
826,mdjabou,30,8/23/2016 7:52,8/23/2016 7:38,47,11
303,mdjabou,35,8/23/2016 12:39,8/23/2016 12:01,47,12
1089,mdjabou,55,8/23/2016 13:15,8/23/2016 12:46,47,13
687,mdjabou,46,8/23/2016 14:29,8/23/2016 14:05,47,14
1143,mdjabou,62,8/23/2016 14:43,8/23/2016 14:32,47,15
1038,mdjabou,26,10/14/2016 7:15,10/14/2016 6:51,48,1
504,mdjabou,19,10/14/2016 7:56,10/14/2016 7:37,48,2
507,mdjabou,31,10/14/2016 8:40,10/14/2016 8:13,48,3
1322,mdjabou,43,10/14/2016 9:17,10/14/2016 8:50,48,4
505,mdjabou,35,10/14/2016 9:48,10/14/2016 9:28,48,5
760,mdjabou,28,10/14/2016 10:37,10/14/2016 10:08,48,6
761,mdjabou,46,10/14/2016 11:27,10/14/2016 11:10,48,7
1032,mdjabou,34,10/15/2016 6:33,10/15/2016 6:02,48,8
1031,mdjabou,28,10/15/2016 11:50,10/15/2016 11:29,48,9
503,mdjabou,29,10/19/2016 13:05,10/19/2016 12:38,48,10
502,mdjabou,38,10/19/2016 16:16,10/19/2016 15:50,48,11
501,mdjabou,25,10/24/2016 13:28,10/24/2016 13:02,48,12
1033,mdjabou,17,10/24/2016 14:06,10/24/2016 13:43,48,13
1037,mdjabou,23,11/1/2016 7:44,11/1/2016 7:20,48,14
506,mdjabou,41,11/1/2016 8:21,11/1/2016 8:02,48,15
295,ntara,72,8/15/2016 8:30,8/15/2016 7:49,49,1
69,ntara,30,8/15/2016 9:07,8/15/2016 8:41,49,2
199,ntara,40,8/15/2016 9:41,8/15/2016 9:15,49,3
1154,ntara,22,8/15/2016 10:13,8/15/2016 9:47,49,4
635,ntara,18,8/15/2016 10:55,8/15/2016 10:19,49,5
522,ntara,42,8/15/2016 11:18,8/15/2016 11:03,49,6
1256,ntara,50,8/16/2016 8:16,8/16/2016 7:41,49,7
924,ntara,28,8/16/2016 8:53,8/16/2016 8:32,49,8
590,ntara,18,8/16/2016 9:37,8/16/2016 9:04,49,9
135,ntara,18,8/16/2016 10:46,8/16/2016 10:12,49,10
902,ntara,30,8/16/2016 11:26,8/16/2016 11:03,49,11
591,ntara,52,8/16/2016 11:59,8/16/2016 11:38,49,12
182,ntara,27,8/17/2016 8:42,8/17/2016 8:19,50,1
1201,ntara,27,8/17/2016 9:19,8/17/2016 8:49,50,2
403,ntara,24,8/17/2016 9:35,8/17/2016 9:22,50,3
276,ntara,49,8/17/2016 10:19,8/17/2016 9:44,50,4
1158,ntara,18,8/17/2016 11:01,8/17/2016 10:31,50,5
404,ntara,22,8/17/2016 11:40,8/17/2016 11:04,50,6
1202,ntara,40,8/17/2016 12:34,8/17/2016 12:14,50,7
666,ntara,23,8/18/2016 7:45,8/18/2016 7:25,50,8
1087,ntara,35,8/18/2016 8:30,8/18/2016 8:19,50,9
620,ntara,24,8/18/2016 9:06,8/18/2016 8:46,50,10
820,ntara,19,8/18/2016 9:24,8/18/2016 9:07,50,11
348,ntara,22,8/19/2016 14:00,8/19/2016 13:50,50,12
524,ntara,22,8/20/2016 7:12,8/20/2016 6:58,51,1
1159,ntara,18,8/22/2016 7:08,8/22/2016 6:56,51,2
649,ntara,18,8/22/2016 7:28,8/22/2016 7:15,51,3
592,ntara,29,8/22/2016 7:53,8/22/2016 7:35,51,4
650,ntara,17,8/22/2016 8:08,8/22/2016 7:58,51,5
169,ntara,20,8/22/2016 8:25,8/22/2016 8:13,51,6
903,ntara,44,8/22/2016 8:37,8/22/2016 8:25,51,7
170,ntara,18,8/22/2016 8:59,8/22/2016 8:52,51,8
19,ntara,16,8/22/2016 14:21,8/22/2016 14:13,51,9
593,ntara,21,8/22/2016 14:48,8/22/2016 14:40,51,10
864,ntara,31,8/22/2016 15:17,8/22/2016 15:05,51,11
651,ntara,18,8/22/2016 15:42,8/22/2016 15:29,51,12
1126,ntara,31,8/22/2016 15:58,8/22/2016 15:46,51,13
667,ntara,19,8/22/2016 16:31,8/22/2016 16:11,51,14
349,ntara,18,8/22/2016 16:42,8/22/2016 16:33,51,15
377,ntara,61,8/23/2016 8:51,8/23/2016 8:22,52,1
1238,ntara,26,8/23/2016 9:13,8/23/2016 9:02,52,2
827,ntara,26,8/23/2016 9:43,8/23/2016 9:25,52,3
960,ntara,16,8/23/2016 10:09,8/23/2016 9:56,52,4
1264,ntara,19,8/23/2016 10:34,8/23/2016 10:12,52,5
1092,ntara,28,8/23/2016 11:19,8/23/2016 11:11,52,6
335,ntara,18,8/23/2016 12:06,8/23/2016 11:45,52,7
2,ntara,30,8/24/2016 8:20,8/24/2016 8:10,52,8
1075,ntara,24,8/24/2016 8:45,8/24/2016 8:33,52,9
688,ntara,18,8/24/2016 9:09,8/24/2016 8:53,52,10
689,ntara,19,8/24/2016 10:11,8/24/2016 10:01,52,11
94,ntara,45,8/25/2016 7:34,8/25/2016 7:15,53,1
690,ntara,22,8/25/2016 7:59,8/25/2016 7:50,53,2
691,ntara,30,8/25/2016 8:22,8/25/2016 7:59,53,3
277,ntara,24,8/25/2016 8:38,8/25/2016 8:29,53,4
80,ntara,16,8/25/2016 8:58,8/25/2016 8:45,53,5
1093,ntara,26,8/25/2016 9:10,8/25/2016 9:01,53,6
1076,ntara,18,8/25/2016 9:19,8/25/2016 9:13,53,7
938,ntara,21,8/25/2016 9:39,8/25/2016 9:27,53,8
81,ntara,42,8/25/2016 9:54,8/25/2016 9:43,53,9
105,ntara,22,8/25/2016 10:18,8/25/2016 10:01,53,10
1239,ntara,17,8/25/2016 10:32,8/25/2016 10:22,53,11
828,ntara,68,8/25/2016 10:53,8/25/2016 10:39,53,12
3,ntara,22,8/25/2016 11:01,8/25/2016 10:53,53,13
378,ntara,21,8/25/2016 11:14,8/25/2016 11:02,53,14
961,ntara,26,8/26/2016 9:13,8/26/2016 8:47,54,1
106,ntara,22,8/26/2016 9:23,8/26/2016 9:13,54,2
278,ntara,19,8/26/2016 9:33,8/26/2016 9:27,54,3
1077,ntara,18,8/26/2016 9:40,8/26/2016 9:33,54,4
1078,ntara,29,8/26/2016 9:50,8/26/2016 9:42,54,5
692,ntara,23,8/26/2016 10:07,8/26/2016 9:54,54,6
962,ntara,35,8/26/2016 10:25,8/26/2016 10:12,54,7
829,ntara,19,8/26/2016 10:47,8/26/2016 10:35,54,8
1240,ntara,20,8/26/2016 11:02,8/26/2016 10:52,54,9
1131,ntara,20,8/26/2016 11:19,8/26/2016 11:06,54,10
954,ntara,27,8/26/2016 11:32,8/26/2016 11:27,54,11
379,ntara,18,8/26/2016 12:16,8/26/2016 12:06,54,12
543,ntara,30,8/29/2016 7:54,8/29/2016 7:43,55,1
4,ntara,19,8/29/2016 8:18,8/29/2016 8:04,55,2
653,ntara,20,8/29/2016 8:35,8/29/2016 8:23,55,3
963,ntara,18,8/29/2016 8:48,8/29/2016 8:36,55,4
693,ntara,29,8/29/2016 8:55,8/29/2016 8:49,55,5
544,ntara,23,8/29/2016 9:13,8/29/2016 9:01,55,6
5,ntara,18,8/29/2016 9:27,8/29/2016 9:13,55,7
1094,ntara,23,8/29/2016 9:33,8/29/2016 9:28,55,8
830,ntara,24,8/29/2016 10:04,8/29/2016 9:51,55,9
1132,ntara,19,8/29/2016 10:52,8/29/2016 10:38,55,10
1079,ntara,21,8/30/2016 7:33,8/30/2016 7:19,56,1
107,ntara,18,8/30/2016 7:39,8/30/2016 7:34,56,2
6,ntara,18,8/30/2016 8:04,8/30/2016 7:57,56,3
640,ntara,18,8/30/2016 8:25,8/30/2016 8:17,56,4
121,ntara,19,8/30/2016 8:34,8/30/2016 8:26,56,5
939,ntara,19,8/30/2016 8:38,8/30/2016 8:34,56,6
570,ntara,19,8/30/2016 9:04,8/30/2016 8:57,56,7
955,ntara,20,8/30/2016 9:30,8/30/2016 9:24,56,8
431,ntara,18,8/30/2016 9:37,8/30/2016 9:31,56,9
1095,ntara,42,8/30/2016 9:53,8/30/2016 9:40,56,10
694,ntara,20,8/30/2016 10:01,8/30/2016 9:53,56,11
1080,ntara,18,8/30/2016 10:13,8/30/2016 10:04,56,12
956,ntara,21,8/30/2016 10:23,8/30/2016 10:17,56,13
695,ntara,18,8/30/2016 14:59,8/30/2016 14:36,56,14
696,ntara,19,8/30/2016 15:55,8/30/2016 15:34,56,15
122,ntara,20,8/30/2016 16:07,8/30/2016 15:55,56,16
1301,ntara,21,9/27/2016 15:14,9/27/2016 14:46,57,1
733,ntara,19,9/27/2016 15:39,9/27/2016 15:21,57,2
995,ntara,17,9/27/2016 15:55,9/27/2016 15:39,57,3
996,ntara,18,9/27/2016 16:20,9/27/2016 15:55,57,4
998,ntara,25,9/27/2016 16:35,9/27/2016 16:20,57,5
223,ntara,18,9/29/2016 15:41,9/29/2016 15:26,57,6
1292,ntara,20,10/9/2016 6:34,10/9/2016 6:12,57,7
999,ntara,23,10/9/2016 6:51,10/9/2016 6:42,57,8
493,ntara,16,10/9/2016 7:05,10/9/2016 6:51,57,9
1000,ntara,17,10/9/2016 7:18,10/9/2016 7:05,57,10
477,ntara,24,10/9/2016 14:12,10/9/2016 14:04,57,11
1294,ntara,16,10/9/2016 14:56,10/9/2016 14:12,57,12
1295,ntara,19,10/9/2016 16:14,10/9/2016 15:54,57,13
997,ntara,46,10/9/2016 16:22,10/9/2016 16:14,57,14
1293,ntara,18,10/9/2016 17:17,10/9/2016 16:26,57,15
420,rnganga,30,8/9/2016 21:32,8/9/2016 21:09,58,1
333,rnganga,68,8/9/2016 22:06,8/9/2016 21:41,58,2
601,rnganga,33,8/9/2016 22:36,8/9/2016 22:09,58,3
139,rnganga,18,8/9/2016 23:03,8/9/2016 22:42,58,4
606,rnganga,44,8/9/2016 23:37,8/9/2016 23:07,58,5
918,rnganga,43,8/10/2016 0:03,8/9/2016 23:46,58,6
86,rnganga,30,8/10/2016 0:30,8/10/2016 0:07,58,7
527,rnganga,64,8/10/2016 0:55,8/10/2016 0:35,58,8
1055,rnganga,21,8/10/2016 1:23,8/10/2016 1:06,58,9
550,rnganga,32,8/10/2016 1:47,8/10/2016 1:29,58,10
909,rnganga,26,8/10/2016 2:13,8/10/2016 1:59,58,11
1137,rnganga,23,8/10/2016 2:46,8/10/2016 2:37,58,12
11,rnganga,73,8/10/2016 3:04,8/10/2016 2:50,58,13
975,rnganga,25,8/10/2016 3:23,8/10/2016 3:07,58,14
31,rnganga,65,8/10/2016 21:08,8/10/2016 20:57,59,1
1184,rnganga,50,8/10/2016 21:29,8/10/2016 21:15,59,2
1149,rnganga,25,8/10/2016 21:50,8/10/2016 21:32,59,3
194,rnganga,35,8/10/2016 22:06,8/10/2016 21:55,59,4
764,rnganga,28,8/10/2016 22:18,8/10/2016 22:08,59,5
32,rnganga,30,8/10/2016 22:36,8/10/2016 22:21,59,6
804,rnganga,27,8/10/2016 22:48,8/10/2016 22:39,59,7
325,rnganga,75,8/10/2016 23:05,8/10/2016 22:56,59,8
326,rnganga,24,8/10/2016 23:20,8/10/2016 23:10,59,9
1150,rnganga,18,8/10/2016 23:41,8/10/2016 23:26,59,10
148,rnganga,18,8/10/2016 23:54,8/10/2016 23:45,59,11
1115,rnganga,70,8/11/2016 0:07,8/10/2016 23:58,59,12
438,rnganga,52,8/11/2016 0:27,8/11/2016 0:10,59,13
195,rnganga,51,8/11/2016 0:40,8/11/2016 0:29,59,14
33,rnganga,20,8/11/2016 0:51,8/11/2016 0:44,59,15
1151,rnganga,35,8/11/2016 1:03,8/11/2016 0:54,59,16
1217,rnganga,35,8/11/2016 1:15,8/11/2016 1:08,59,17
289,rnganga,30,8/11/2016 1:49,8/11/2016 1:21,59,18
517,rnganga,29,8/13/2016 22:23,8/13/2016 21:49,60,1
292,rnganga,28,8/13/2016 23:03,8/13/2016 22:34,60,2
329,rnganga,31,8/13/2016 23:28,8/13/2016 23:16,60,3
679,rnganga,32,8/13/2016 23:50,8/13/2016 23:35,60,4
439,rnganga,29,8/14/2016 0:10,8/13/2016 23:58,60,5
878,rnganga,30,8/14/2016 0:34,8/14/2016 0:17,60,6
37,rnganga,52,8/14/2016 0:56,8/14/2016 0:42,60,7
66,rnganga,31,8/14/2016 1:21,8/14/2016 1:02,60,8
584,rnganga,22,8/14/2016 1:38,8/14/2016 1:25,60,9
38,rnganga,36,8/14/2016 1:54,8/14/2016 1:42,60,10
518,rnganga,60,8/14/2016 2:14,8/14/2016 1:59,60,11
646,rnganga,29,8/14/2016 2:40,8/14/2016 2:23,60,12
632,rnganga,35,8/14/2016 3:01,8/14/2016 2:48,60,13
893,rnganga,21,8/14/2016 3:26,8/14/2016 3:12,60,14
39,rnganga,37,8/14/2016 3:45,8/14/2016 3:32,60,15
557,rnganga,25,8/15/2016 19:38,8/15/2016 19:28,61,1
613,rnganga,47,8/15/2016 20:00,8/15/2016 19:43,61,2
371,rnganga,34,8/15/2016 20:23,8/15/2016 20:09,61,3
1069,rnganga,25,8/15/2016 20:50,8/15/2016 20:40,61,4
1173,rnganga,46,8/15/2016 21:08,8/15/2016 20:58,61,5
1175,rnganga,58,8/15/2016 21:25,8/15/2016 21:13,61,6
272,rnganga,27,8/15/2016 21:44,8/15/2016 21:34,61,7
1257,rnganga,38,8/15/2016 22:14,8/15/2016 21:57,61,8
1176,rnganga,18,8/15/2016 22:39,8/15/2016 22:31,61,9
934,rnganga,20,8/15/2016 22:53,8/15/2016 22:44,61,10
536,rnganga,20,8/15/2016 23:08,8/15/2016 23:01,61,11
53,rnganga,27,8/15/2016 23:23,8/15/2016 23:10,61,12
537,rnganga,60,8/15/2016 23:33,8/15/2016 23:27,61,13
1258,rnganga,30,8/15/2016 23:44,8/15/2016 23:35,61,14
790,rnganga,20,8/17/2016 19:34,8/17/2016 19:21,62,1
373,rnganga,22,8/17/2016 20:02,8/17/2016 19:50,62,2
778,rnganga,34,8/17/2016 20:15,8/17/2016 20:04,62,3
310,rnganga,20,8/17/2016 20:35,8/17/2016 20:21,62,4
791,rnganga,30,8/17/2016 20:49,8/17/2016 20:39,62,5
45,rnganga,24,8/17/2016 21:11,8/17/2016 20:59,62,6
54,rnganga,28,8/17/2016 21:30,8/17/2016 21:16,62,7
55,rnganga,26,8/17/2016 21:42,8/17/2016 21:32,62,8
1259,rnganga,18,8/17/2016 21:56,8/17/2016 21:47,62,9
926,rnganga,25,8/17/2016 22:07,8/17/2016 21:59,62,10
1102,rnganga,22,8/17/2016 22:23,8/17/2016 22:13,62,11
852,rnganga,30,8/17/2016 22:41,8/17/2016 22:29,62,12
853,rnganga,21,8/17/2016 22:51,8/17/2016 22:44,62,13
622,rnganga,35,8/20/2016 0:28,8/20/2016 0:19,63,1
1221,rnganga,19,8/20/2016 0:50,8/20/2016 0:33,63,2
425,rnganga,33,8/20/2016 1:10,8/20/2016 0:59,63,3
1189,rnganga,25,8/20/2016 1:32,8/20/2016 1:14,63,4
946,rnganga,62,8/20/2016 1:56,8/20/2016 1:37,63,5
588,rnganga,20,8/20/2016 2:18,8/20/2016 2:00,63,6
163,rnganga,27,8/20/2016 2:44,8/20/2016 2:26,63,7
74,rnganga,18,8/20/2016 3:03,8/20/2016 2:53,63,8
426,rnganga,18,8/20/2016 3:27,8/20/2016 3:11,63,9
1045,rnganga,23,8/20/2016 3:41,8/20/2016 3:33,63,10
948,rnganga,24,8/20/2016 4:03,8/20/2016 3:54,63,11
623,rnganga,45,8/20/2016 4:15,8/20/2016 4:09,63,12
1190,rnganga,55,8/20/2016 4:25,8/20/2016 4:17,63,13
164,rnganga,35,8/20/2016 4:35,8/20/2016 4:28,63,14
896,rnganga,20,8/20/2016 4:45,8/20/2016 4:40,63,15
1122,rnganga,20,8/20/2016 19:46,8/20/2016 19:32,64,1
862,rnganga,20,8/20/2016 20:00,8/20/2016 19:48,64,2
75,rnganga,33,8/20/2016 20:19,8/20/2016 20:05,64,3
154,rnganga,22,8/20/2016 20:33,8/20/2016 20:25,64,4
268,rnganga,21,8/20/2016 20:55,8/20/2016 20:33,64,5
13,rnganga,30,8/20/2016 21:11,8/20/2016 20:58,64,6
343,rnganga,20,8/20/2016 21:30,8/20/2016 21:13,64,7
14,rnganga,23,8/20/2016 21:41,8/20/2016 21:35,64,8
15,rnganga,30,8/20/2016 21:56,8/20/2016 21:43,64,9
624,rnganga,40,8/20/2016 22:10,8/20/2016 22:00,64,10
897,rnganga,23,8/20/2016 22:17,8/20/2016 22:11,64,11
811,rnganga,30,8/20/2016 23:00,8/20/2016 22:38,64,12
299,rnganga,20,8/20/2016 23:39,8/20/2016 23:15,64,13
812,rnganga,60,8/20/2016 23:48,8/20/2016 23:39,64,14
115,rnganga,41,9/3/2016 19:57,9/3/2016 19:39,65,1
1120,rnganga,18,9/3/2016 20:23,9/3/2016 20:00,65,2
968,rnganga,23,9/3/2016 20:35,9/3/2016 20:27,65,3
334,rnganga,54,9/3/2016 20:45,9/3/2016 20:39,65,4
297,rnganga,24,9/3/2016 20:53,9/3/2016 20:49,65,5
298,rnganga,43,9/3/2016 21:19,9/3/2016 20:57,65,6
353,rnganga,45,9/3/2016 21:29,9/3/2016 21:23,65,7
969,rnganga,57,9/3/2016 22:04,9/3/2016 21:57,65,8
1121,rnganga,70,9/3/2016 22:14,9/3/2016 22:06,65,9
560,rnganga,34,9/3/2016 22:22,9/3/2016 22:14,65,10
116,rnganga,60,9/3/2016 22:31,9/3/2016 22:23,65,11
797,rnganga,28,9/3/2016 22:42,9/3/2016 22:31,65,12
970,rnganga,60,9/3/2016 23:00,9/3/2016 22:53,65,13
354,rnganga,56,9/3/2016 23:17,9/3/2016 23:11,65,14
176,rnganga,35,9/3/2016 23:30,9/3/2016 23:19,65,15
991,vgaine,27,10/5/2016 15:09,10/5/2016 14:22,66,1
993,vgaine,36,10/5/2016 15:48,10/5/2016 15:18,66,2
483,vgaine,18,10/5/2016 16:29,10/5/2016 15:58,66,3
1287,vgaine,23,10/5/2016 17:05,10/5/2016 16:36,66,4
230,vgaine,39,10/6/2016 8:16,10/6/2016 7:33,66,5
994,vgaine,78,10/6/2016 8:55,10/6/2016 8:27,66,6
231,vgaine,27,10/6/2016 9:44,10/6/2016 9:04,66,7
484,vgaine,25,10/6/2016 10:06,10/6/2016 9:48,66,8
1283,vgaine,26,10/6/2016 10:55,10/6/2016 10:28,66,9
985,vgaine,18,10/6/2016 11:44,10/6/2016 11:19,66,10
986,vgaine,32,10/6/2016 12:06,10/6/2016 11:45,66,11
987,vgaine,45,10/6/2016 13:12,10/6/2016 12:25,66,12
485,vgaine,40,10/6/2016 16:07,10/6/2016 15:23,66,13
1284,vgaine,41,10/6/2016 17:03,10/6/2016 16:35,66,14
1285,vgaine,45,10/6/2016 17:22,10/6/2016 17:03,66,15
988,vgaine,37,10/7/2016 8:20,10/7/2016 7:57,67,1
475,vgaine,25,10/7/2016 8:50,10/7/2016 8:25,67,2
989,vgaine,70,10/7/2016 9:19,10/7/2016 8:54,67,3
1286,vgaine,40,10/7/2016 10:02,10/7/2016 9:30,67,4
990,vgaine,47,10/7/2016 10:49,10/7/2016 10:12,67,5
232,vgaine,45,10/7/2016 11:27,10/7/2016 11:00,67,6
721,vgaine,26,10/7/2016 12:26,10/7/2016 11:49,67,7
476,vgaine,29,10/7/2016 13:13,10/7/2016 12:40,67,8
992,vgaine,19,10/7/2016 14:19,10/7/2016 13:49,67,9
1288,vgaine,20,10/7/2016 15:00,10/7/2016 14:25,67,10
722,vgaine,60,10/7/2016 15:53,10/7/2016 15:15,67,11
242,vgaine,21,10/8/2016 10:01,10/8/2016 9:30,67,12
1278,vgaine,23,10/8/2016 10:48,10/8/2016 10:20,67,13
1279,vgaine,30,10/8/2016 11:27,10/8/2016 11:01,67,14
455,vgaine,22,10/8/2016 12:16,10/8/2016 11:47,67,15
257,vgaine,32,10/9/2016 10:59,10/9/2016 10:25,68,1
1002,vgaine,53,10/9/2016 11:44,10/9/2016 11:14,68,2
735,vgaine,60,10/9/2016 12:26,10/9/2016 11:57,68,3
1302,vgaine,28,10/9/2016 13:17,10/9/2016 12:47,68,4
1003,vgaine,53,10/9/2016 14:01,10/9/2016 13:34,68,5
736,vgaine,45,10/9/2016 14:38,10/9/2016 14:10,68,6
240,vgaine,67,10/9/2016 15:29,10/9/2016 14:57,68,7
241,vgaine,32,10/10/2016 7:20,10/10/2016 6:45,68,8
1305,vgaine,52,10/10/2016 8:07,10/10/2016 7:30,68,9
1303,vgaine,45,10/10/2016 8:50,10/10/2016 8:24,68,10
734,vgaine,60,10/10/2016 9:37,10/10/2016 9:07,68,11
238,vgaine,40,10/10/2016 10:20,10/10/2016 9:51,68,12
239,vgaine,33,10/10/2016 10:56,10/10/2016 10:31,68,13
1304,vgaine,40,10/10/2016 11:42,10/10/2016 11:08,68,14
1004,vgaine,48,10/10/2016 12:22,10/10/2016 11:56,68,15
235,vgaine,28,10/14/2016 10:38,10/14/2016 10:10,69,1
1009,vgaine,41,10/14/2016 11:17,10/14/2016 10:48,69,2
1306,vgaine,35,10/14/2016 12:00,10/14/2016 11:29,69,3
460,vgaine,24,10/14/2016 12:43,10/14/2016 12:11,69,4
234,vgaine,30,10/14/2016 13:22,10/14/2016 12:56,69,5
236,vgaine,32,10/14/2016 14:11,10/14/2016 13:38,69,6
1308,vgaine,54,10/14/2016 15:06,10/14/2016 14:35,69,7
1028,vgaine,32,10/15/2016 8:27,10/15/2016 8:00,69,8
1029,vgaine,47,10/15/2016 9:06,10/15/2016 8:43,69,9
1030,vgaine,36,10/15/2016 9:44,10/15/2016 9:16,69,10
461,vgaine,45,10/15/2016 10:30,10/15/2016 10:02,69,11
757,vgaine,40,10/15/2016 11:14,10/15/2016 10:45,69,12
1026,vgaine,33,10/15/2016 11:57,10/15/2016 11:25,69,13
1314,vgaine,19,10/15/2016 12:39,10/15/2016 12:19,69,14
744,vgaine,40,10/15/2016 13:21,10/15/2016 12:54,69,15
1025,vgaine,23,10/17/2016 9:28,10/17/2016 9:02,70,1
739,vgaine,60,10/17/2016 10:11,10/17/2016 9:42,70,2
1010,vgaine,42,10/17/2016 10:53,10/17/2016 10:21,70,3
462,vgaine,70,10/17/2016 11:33,10/17/2016 11:04,70,4
740,vgaine,50,10/17/2016 12:14,10/17/2016 11:48,70,5
463,vgaine,45,10/17/2016 12:56,10/17/2016 12:26,70,6
1317,vgaine,43,10/17/2016 13:47,10/17/2016 13:13,70,7
1011,vgaine,60,10/18/2016 8:38,10/18/2016 8:08,70,8
261,vgaine,42,10/18/2016 9:17,10/18/2016 8:48,70,9
494,vgaine,20,10/18/2016 9:54,10/18/2016 9:28,70,10
495,vgaine,40,10/18/2016 10:34,10/18/2016 10:06,70,11
1318,vgaine,27,10/18/2016 11:12,10/18/2016 10:47,70,12
496,vgaine,41,10/18/2016 11:58,10/18/2016 11:26,70,13
1316,vgaine,28,10/18/2016 12:40,10/18/2016 12:14,70,14
260,vgaine,75,10/18/2016 13:35,10/18/2016 13:00,70,15
243,bdanzabe,23,10/13/2016 6:04,10/13/2016 5:47,71,1
244,bdanzabe,46,10/13/2016 7:05,10/13/2016 6:20,71,2
530,mdjabou,21,8/7/2016 13:45,8/7/2016 13:25,71,3
921,mdjabou,53,8/8/2016 14:29,8/8/2016 14:06,71,4
179,mdjabou,59,8/9/2016 17:21,8/9/2016 17:09,71,5
1057,mdjabou,51,8/9/2016 18:57,8/9/2016 18:45,71,6
12,vgaine,33,8/10/2016 9:09,8/10/2016 8:48,72,1
621,vgaine,31,8/10/2016 10:43,8/10/2016 10:24,72,2
20,vgaine,58,8/10/2016 11:05,8/10/2016 10:49,72,3
405,vgaine,30,8/10/2016 11:29,8/10/2016 11:09,72,4
906,vgaine,30,8/10/2016 12:22,8/10/2016 12:16,72,5
952,vgaine,21,8/10/2016 12:41,8/10/2016 12:28,72,6
1127,vgaine,35,8/10/2016 12:57,8/10/2016 12:45,72,7
